X,Y,Rent
59.951063,30.2343093,900
59.858804,30.199274,633.3333333
59.913083,30.3280144,1250
59.839669,30.350828,720
59.979444,30.510961,615.3846154
59.819382,30.340976,653.8461538
59.83928,30.349819,551.7241379
59.831349,30.324456,938.7755102
59.958687,30.3008949,1093.75
60.032092,30.145592,520
59.951063,30.2343093,900
59.939577,30.496445,566.6666667
59.841055,30.347816,892.8571429
60.070608,30.324205,592.5925926
59.84522,30.109804,630.2521008
59.939996,30.205798,716.8458781
60.031954,30.3071669,640
60.005931,30.197919,660.3773585
59.956277,30.289971,740.7407407
59.956277,30.289971,714.2857143
60.021642,30.255494,740.7407407
59.962974,30.3109759,1562.5
60.061054,30.306807,627.1777003
59.935295,30.3108136,2515.72327
59.935295,30.3108136,2347.41784
59.939293,30.437024,733.3333333
59.935295,30.3108136,2439.02439
59.826302,30.332478,703.7037037
59.936361,30.219709,774.1935484
59.863649,30.515078,551.7241379
60.06974542,30.31102313,642.8571429
60.012663,30.3811018,857.1428571
59.99119,30.328114,888.8888889
59.837952,30.354733,714.2857143
59.91884,30.2929726,1000
59.975991,30.386745,769.2307692
59.838481,30.352813,720
60.056077,30.31205,661.7647059
59.936251,30.204477,814.8148148
59.8321,30.325732,678.5714286
60.075567,30.343577,692.3076923
59.964973,30.3063929,958.3333333
59.861205,30.161987,421.0526316
60.033976,30.237427,760
59.981535,30.38822,740.7407407
59.851846,30.137705,642.8571429
59.948879,30.262814,967.7419355
59.851846,30.137705,666.6666667
59.92336,30.453463,823.5294118
59.834774,30.5156902,814.8148148
59.834774,30.5156902,916.6666667
59.902274,30.3309587,1200
59.843923,30.110639,400
59.843923,30.110639,576.9230769
60.082305,30.343841,555.5555556
59.983682,30.314752,1060.606061
59.841351,30.306669,1020.408163
60.075567,30.343577,600
60.078342,30.350705,695.6521739
59.841351,30.306669,851.8518519
59.831956,30.333448,1277.777778
59.841055,30.347816,892.8571429
59.853125,30.139726,760
59.935295,30.3108136,2710.843373
60.068984,30.3028263,714.2857143
59.935295,30.3108136,2926.829268
59.935295,30.3108136,2573.529412
59.935295,30.3108136,2590.673575
59.862298,30.184238,586.2068966
60.000619,30.208097,718.75
59.832259,30.5469996,535.7142857
60.001371,30.299422,1166.666667
60.003669,30.288802,961.5384615
60.035958,30.222569,640
59.844081,30.108366,555.5555556
59.842544,30.305861,739.1304348
59.829161,30.541462,640
59.829161,30.541462,680
60.070355,30.316227,666.6666667
59.983671,30.356714,1000
59.923013,30.3417427,1206.896552
59.875171,30.403086,625
59.872138,30.3328404,1000
59.993064,30.356059,870.9677419
59.931704,30.4262033,740.7407407
59.794646,30.157706,538.4615385
59.942546,30.2598871,1166.666667
59.84522,30.109804,541.6666667
59.839669,30.350828,740.7407407
59.84345,30.357554,724.137931
59.999697,30.216572,766.6666667
59.885088,30.3690464,1000
59.856835,30.316317,766.6666667
59.929949,30.3376872,1142.857143
59.923013,30.3417427,1435.897436
59.993293,30.356948,909.0909091
59.852963,30.155878,720
60.030649,30.142412,625
60.027649,30.223744,812.7208481
59.860617,30.192583,629.6296296
59.941124,30.3492239,821.4285714
59.853441,30.146316,640
59.851739,30.142089,743.8016529
59.82362,30.337491,846.1538462
59.931918,30.407946,1145.833333
59.888379,30.313766,807.6923077
59.939293,30.437024,821.4285714
60.038079,30.228956,640
59.928524,30.3219634,1111.111111
59.983635,30.397869,760
60.078342,30.350705,833.3333333
59.837952,30.354733,600
59.98805,30.365635,781.25
60.03771,30.225579,687.5
59.838859,30.350763,760
59.900146,30.307604,1111.111111
60.069885,30.325956,678.5714286
59.834564,30.4024258,1000
59.937991,30.440132,961.5384615
60.036577,30.393716,850.2024291
59.981535,30.38822,666.6666667
59.83092,30.246024,642.8571429
59.853392,30.155321,600
59.93687,30.204205,600
59.905348,30.314655,1074.074074
59.84345,30.357554,749.0636704
59.953711,30.2419584,795.4545455
60.039414,30.224294,800
59.84522,30.109804,600
59.859926,30.208797,592.5925926
59.935436,30.2571413,1111.111111
59.92952,30.258843,962.962963
59.84522,30.109804,666.6666667
59.862296,30.3145745,967.7419355
60.004267,30.223323,1120
60.038079,30.228956,916.6666667
59.82509,30.333071,785.7142857
60.035958,30.222569,700
60.035958,30.222569,700
59.859036,30.197506,629.6296296
59.936873,30.201944,800
59.840722,30.10409,680
59.913183,30.2787631,620.6896552
60.042415,30.224716,750
59.84345,30.357554,720
59.923013,30.3417427,1428.571429
59.923013,30.3417427,1346.153846
59.841351,30.306669,640
60.068984,30.3028263,666.6666667
59.821675,30.327506,642.8571429
60.040358,30.40903,655.1724138
59.905547,30.319012,1617.647059
59.905547,30.319012,1800
59.952222,30.2315758,1000
59.946987,30.342027,1562.5
60.070608,30.324205,607.1428571
59.888379,30.313766,875
60.038767,30.221167,700
59.925991,30.3452598,882.3529412
59.923013,30.3417427,1315.789474
59.819047,30.327609,666.6666667
59.952402,30.257056,555.5555556
59.930857,30.4111459,800
59.858024,30.196575,550
60.000726,30.221482,920
59.819382,30.340976,629.6296296
60.033976,30.237427,428.5714286
59.843869,30.22415,777.7777778
59.860048,30.193526,784.3137255
59.996655,30.274627,833.3333333
59.820553,30.327591,933.3333333
59.819047,30.327609,793.1034483
59.819382,30.340976,714.2857143
59.843869,30.22415,620.6896552
59.892752,30.4294961,742.4242424
59.85045795,30.13489025,800
59.76091,30.325408,562.5
59.93687,30.204205,733.3333333
59.841351,30.306669,800
59.863206,30.50332,750
60.071472,30.23616,625
59.83092,30.246024,760
59.91414,30.3465106,1045.454545
59.97599,30.386745,629.6296296
59.92952,30.258843,982.7586207
60.000619,30.208097,625.7142857
59.840722,30.10409,714.2857143
60.041112,30.409994,555.5555556
59.843923,30.110639,680
60.078342,30.350705,548.3870968
59.92252,30.3269473,1058.823529
59.994275,30.1585411,1000
59.929292,30.3810957,1400
59.94260599,30.37736393,1071.428571
60.027962,30.247273,692.3076923
60.035958,30.222569,692.3076923
59.831349,30.324456,884.6153846
60.042415,30.224716,680
60.01843541,30.24834975,716.6666667
59.919734,30.370306,813.9534884
60.035958,30.222569,692.3076923
59.939293,30.437024,857.1428571
59.863116,30.51401,553.5055351
60.036758,30.226369,841.1214953
59.97383,30.3033404,1083.333333
59.832983,30.1933343,800
59.933736,30.3474959,1071.428571
59.939293,30.437024,892.8571429
59.923013,30.3417427,1400
60.037049,30.223854,760
59.831349,30.324456,833.3333333
59.841975,30.113128,640
60.053107,30.32517,750
59.900146,30.307604,800
59.894915,30.463587,927.4193548
59.937391,30.3447961,1500
59.873297,30.334432,833.3333333
59.997041,30.272677,846.1538462
59.992821,30.171024,500
59.851846,30.137705,892.8571429
60.041099,30.221608,766.1290323
59.83150562,30.32987406,782.6086957
60.031571,30.233304,1000
60.031571,30.233304,938.7755102
59.873297,30.334432,1031.25
59.925801,30.3719629,1111.111111
59.957444,30.242557,1176.470588
59.837703,30.11363,653.8461538
60.041112,30.409994,605.2631579
59.953524,30.3005551,1500
59.962397,30.269952,1375
59.842544,30.305861,800
60.032308,30.401208,720
59.829161,30.541462,565.2173913
59.993064,30.356059,1296.296296
59.993064,30.356059,869.5652174
59.856835,30.316317,1000
59.860617,30.192583,653.8461538
60.034677,30.239682,678.5714286
59.914973,30.3217159,1363.636364
59.93166,30.352764,975.6097561
59.838023,30.35216,645.1612903
59.83975,30.111825,600
59.851607,30.146337,640
59.841975,30.113128,652.173913
59.983851,30.348854,933.3333333
60.035958,30.222569,562.5
59.927213,30.3088657,1444.444444
60.045781,30.3655,821.4285714
59.857328,30.4487012,925.9259259
59.92020139,30.34586257,1850
60.029022,30.250049,740.7407407
59.854027,30.3474248,1714.285714
59.928596,30.378309,1086.956522
59.993064,30.356059,1200
60.075567,30.343577,615.3846154
60.016935,30.281893,769.2307692
59.987407,30.368123,593.75
59.850201,30.300687,878.7878788
59.827765,30.5469826,615.3846154
60.03998,30.415105,620.6896552
59.952426,30.482128,625
59.841975,30.113128,625
59.986634,30.256864,1075
59.916229,30.43955,800
59.86181,30.185496,600
59.849532,30.243006,600
60.028658,30.246465,666.6666667
60.029022,30.250049,782.6086957
59.998834,30.20735,740.7407407
59.825136,30.2204632,800
59.942938,30.3423537,926.8292683
60.012663,30.3811018,866.6666667
59.958471,30.29977,1117.647059
59.958821,30.299621,1000
59.831349,30.324456,1277.777778
60.001005,30.324851,650
59.984296,30.208439,875
60.052933,30.312709,481.4814815
59.841749,30.224716,514.7058824
59.845191,30.330298,662.2516556
59.945297,30.2375773,666.6666667
59.840916,30.3852036,468.75
60.040629,30.3735817,450
60.051814,30.327726,512.5
59.85019,30.241576,434.7826087
60.035958,30.222569,676.4705882
60.006377,30.219284,540.5405405
60.040434,30.400471,486.4864865
60.025385,30.2165414,450
60.000726,30.221482,1052.631579
59.832292,30.422472,571.4285714
59.939996,30.205798,475
60.011558,30.328337,625
60.008711,30.262903,523.8095238
59.840722,30.10409,527.7777778
60.030649,30.142412,514.2857143
60.073759,30.338317,664.8199446
60.056077,30.31205,770.8333333
60.014696,30.386702,638.8888889
60.08205,30.338425,439.0243902
59.988899,30.21265,625
59.837413,30.3579,777.7777778
59.845469,30.311152,636.3636364
60.035023,30.387428,487.804878
59.980988,30.37425,714.2857143
59.993595,30.321824,645.1612903
59.929646,30.459455,600
60.040434,30.400471,568.8622754
59.857495,30.410326,510.8695652
59.861363,30.182603,454.5454545
59.855445,30.2208606,438.1443299
59.945812,30.3411681,1111.111111
59.989994,30.375238,757.5757576
59.878481,30.4795274,473.6842105
60.079639,30.33608,555.5555556
59.955955,30.2882135,750
59.718375,30.08263,435.8974359
60.001005,30.324851,650
60.001929,30.212281,831.0249307
59.873976,30.298863,562.5
59.792092,30.149103,534.8837209
60.008357,30.4181095,485.7142857
59.861778,30.189601,416.6666667
60.001929,30.212281,750
59.948163,30.252285,744.6808511
60.032396,30.411425,514.2857143
60.001005,30.324851,650
60.026896,30.21735,512.8205128
59.939996,30.205798,533.3333333
59.849944,30.1495,581.3953488
60.027849,30.2108736,377.7777778
59.857992,30.172057,418.6046512
59.846462,30.3131245,567.5675676
59.845935,30.374088,450
59.848359,30.3840495,478.2608696
60.032155,30.344982,511.1111111
59.907194,30.312032,1170.212766
59.953657,30.41924,500
60.02601,30.218105,380.952381
60.08205,30.338425,404.7619048
60.035034,30.373667,631.5789474
60.007151,30.213891,575
59.838561,30.350435,846.1538462
59.993293,30.356948,771.2082262
59.930092,30.458018,590.9090909
60.015179,30.309661,750
59.917836,30.448622,555.5555556
59.996809,30.203015,547.6190476
60.024296,30.2417004,432.4324324
60.032218,30.405241,589.7435897
59.85684,30.196338,391.3043478
60.057985,30.323396,380
59.873297,30.334432,1000
60.040577,30.21965,540.5405405
59.910265,30.45543,526.3157895
60.023722,30.369507,461.5384615
60.035297,30.250426,585.2941176
60.035297,30.250426,539.5833333
59.989477,30.193167,911.1111111
59.996299,30.193806,465.1162791
60.082305,30.343841,509.383378
59.860179,30.415024,641.025641
60.001001,30.251692,609.7560976
59.848986,30.245036,500
60.000393,30.299932,742.8571429
59.84466,30.3167841,610.0795756
59.916503,30.2984703,918.9189189
59.936361,30.219709,710.5263158
59.95435,30.214741,625
60.005747,30.478014,457.1428571
60.073759,30.338317,750
59.915034,30.470116,575
59.873587,30.304523,714.2857143
59.936251,30.204477,714.2857143
60.037715,30.330376,485.7142857
59.911367,30.476846,555.5555556
59.926562,30.470675,615.3846154
60.001005,30.324851,650
59.952288,30.2191294,416.6666667
59.828874,30.1614998,500
60.041885,30.334787,500
59.841351,30.306669,864.8648649
59.856393,30.240113,616.6666667
60.030088,30.234849,479.1666667
59.981404,30.4131949,694.4444444
59.875431,30.3109655,625
59.950172,30.483332,546.4480874
59.943219,30.3428536,580.6451613
59.863398,30.3749396,437.5
59.973575,30.4005735,517.2413793
60.003092,30.2977639,790.0677201
60.00204,30.254351,522.7272727
59.836803,30.2598565,720
60.07696,30.340776,473.6842105
59.86762,30.457478,532.6086957
59.937747,30.2751754,613.6363636
60.023704,30.2223333,454.5454545
59.857076,30.3738594,645.1612903
60.041935,30.4256433,530.3030303
59.830196,30.3732166,500
60.043429,30.3841251,454.5454545
59.919022,30.370639,883.7209302
59.896086,30.4782782,580.6451613
59.860717,30.247237,718.75
60.034386,30.246127,555.5555556
60.018328,30.2484785,500
59.921499,30.483597,833.3333333
59.855696,30.20737,510.2040816
59.989576,30.202492,800
59.976831,30.393896,540.5405405
59.930701,30.45853,595.2380952
59.901062,30.456661,625
60.02422,30.4210736,485.7142857
59.993614,30.309531,609.7560976
59.919022,30.370639,750
59.857592,30.195373,540.5405405
59.976297,30.315383,888.8888889
59.937355,30.477331,578.9473684
59.941835,30.223521,727.2727273
60.010704,30.2448537,447.3684211
59.876639,30.312526,729.1666667
59.89213,30.483359,485.2941176
59.935205,30.433565,681.8181818
59.966236,30.3105589,806.4516129
59.999491,30.197242,729.1666667
60.036438,30.457191,425
59.828225,30.328984,666.6666667
60.030541,30.238559,625
60.001005,30.324851,650
60.032218,30.405241,588.2352941
59.872467,30.3310057,500
60.047619,30.3606362,450
59.938629,30.2379174,638.8888889
60.01444323,30.27622535,681.8181818
60.0218,30.2820867,450.928382
59.91580227,30.44742453,555.5555556
59.991086,30.1975285,500
59.966898,30.3144988,996.4412811
59.945244,30.240248,760.4562738
60.048822,30.367773,521.3270142
59.919022,30.370639,1000
59.928467,30.4769749,400
59.992821,30.171024,500
59.841459,30.486198,444.4444444
60.082857,30.352115,465.1162791
59.939361,30.225794,681.8181818
60.039324,30.397983,548.3870968
59.924531,30.4996082,500
59.915409,30.446931,657.1428571
60.04711,30.3820496,617.6470588
59.996299,30.193806,550
59.902116,30.4745385,600
60.032434,30.348306,402.4144869
60.028821,30.294128,547.6190476
60.035958,30.222569,696.969697
60.041112,30.409994,552.6315789
59.954024,30.216721,700
59.846244,30.110298,447.3684211
59.962059,30.2828994,1000
59.825862,30.3967229,500
59.99243,30.3184658,600
60.009489,30.346465,540.5405405
59.871742,30.4764469,454.5454545
59.847529,30.3119279,677.4193548
60.024756,30.222533,357.1428571
59.831349,30.324456,694.4444444
59.901214,30.2736085,666.6666667
59.851739,30.142089,724.137931
59.863468,30.17919,629.6296296
59.930437,30.4651263,628.5714286
59.933116,30.3484034,1153.846154
60.077466,30.338201,600
59.950172,30.483332,595.2380952
59.920645,30.371959,940
59.918703,30.430981,418.6046512
60.032609,30.411934,604.6511628
59.841337,30.2573957,588.2352941
59.991353,30.3162541,588.2352941
59.86092,30.3521311,486.4864865
60.001005,30.324851,650
59.842504,30.486998,475
60.053754,30.317099,514.2857143
60.0002378,30.28450503,540.5405405
59.860701,30.185031,416.6666667
59.914355,30.4963921,533.3333333
60.042722,30.2415155,696.969697
59.850033,30.281364,545.4545455
60.003694,30.4160249,457.1428571
59.857592,30.195373,493.1506849
59.891825,30.4152457,500
59.83845,30.138396,472.2222222
59.946547,30.3875547,1250
59.92952,30.258843,831.0249307
59.922826,30.446555,470.5882353
60.01861229,30.32535912,566.6666667
59.990252,30.2095187,425
59.84332,30.2279835,428.5714286
59.900324,30.459001,526.3157895
60.068984,30.3028263,588.2352941
60.004703,30.204603,466.6666667
59.841816,30.351046,444.4444444
59.838978,30.352802,550
60.013924,30.27901,638.8888889
60.068984,30.3028263,738.2550336
59.941647,30.4888121,512.8205128
60.021703,30.270171,450
60.026644,30.297677,603.4482759
60.040577,30.21965,558.8235294
59.985462,30.421914,609.7560976
60.035159,30.405018,645.1612903
60.036555,30.350633,405.4054054
60.029968,30.454847,461.5384615
60.030925,30.2989452,500
59.957584,30.405511,1000
59.865741,30.374817,1
60.005351,30.415454,516.1290323
59.816601,30.3250659,568.8622754
59.855111,30.194729,550
59.940192,30.223575,750
60.068984,30.3028263,589.7435897
59.850829,30.207747,375
59.932977,30.423319,725
59.942305,30.4785944,386.3636364
59.924558,30.4829764,450
59.963955,30.2734662,918.3673469
60.03554,30.347462,625
60.012747,30.403461,516.1290323
60.038209,30.346519,468.75
59.829215,30.330668,514.2857143
59.859736,30.179378,384.6153846
60.001005,30.324851,650
60.03554,30.347462,625
60.029072,30.247659,696.969697
60.081031,30.34094,528.5714286
60.082857,30.352115,487.1794872
59.911679,30.4967196,600
59.863232,30.500866,457.1428571
59.943516,30.225992,625
59.918811,30.4179858,595.2380952
59.856759,30.191533,500
60.038079,30.228956,588.2352941
59.852809,30.224573,522.7272727
59.951364,30.4684855,472.2222222
59.955581,30.4077826,1000
60.013568,30.388281,625
59.911679,30.4967196,620.6896552
60.033714,30.455138,390.625
60.0713,30.326397,454.5454545
59.960021,30.480556,612.9032258
59.926562,30.470675,533.3333333
59.926226,30.4859126,450
60.001419,30.246042,625
59.740099,30.08651,580.6451613
60.039589,30.257666,555.5555556
60.043485,30.357038,531.25
60.037378,30.255322,540.5405405
59.816601,30.3250659,571.4285714
59.911246,30.4579741,375
59.939978,30.202294,625
60.005747,30.478014,400
59.910265,30.45543,628.5714286
60.015592,30.319794,617.0212766
59.984557,30.392045,647.0588235
59.873623,30.310532,884.6153846
59.951792,30.215855,560
59.832858,30.362911,657.8947368
59.988445,30.2151677,601.0928962
59.851408,30.3589121,642.8571429
59.98629,30.1968871,702.7027027
59.92952,30.258843,1081.081081
59.900929,30.4747263,566.6666667
59.859926,30.208797,526.3157895
60.0327,30.3430967,600
59.838796,30.2292779,545.4545455
60.041647,30.398919,625
59.901666,30.455619,583.3333333
59.929263,30.354657,1071.428571
60.00424,30.403364,600
60.029211,30.459239,487.804878
59.827456,30.141667,348.8372093
60.019683,30.3671461,468.75
60.001005,30.324851,650
59.830946,30.5401104,473.6842105
59.828245,30.4014674,689.6551724
59.910265,30.45543,552.6315789
59.94026,30.4682946,500
60.036968,30.403935,500
59.986601,30.224258,652.173913
59.911367,30.476846,555.5555556
59.842785,30.1673678,515.1515152
59.89717,30.4682623,500
60.003218,30.215814,647.0588235
60.005546,30.266785,607.5949367
59.873576,30.376637,588.2352941
60.013371,30.254221,589.7435897
60.032457,30.246482,523.8095238
60.005365,30.4181542,600
60.046513,30.368186,425
59.831956,30.333448,625
59.865305,30.3965149,517.2413793
59.863798,30.3016417,645.1612903
60.00135,30.2383287,395.8333333
60.038079,30.228956,638.8888889
60.051388,30.314474,580.6451613
60.006845,30.263416,539.9061033
60.04086,30.339395,500
59.936989,30.4906112,515.1515152
59.902549,30.3221908,777.7777778
59.967429,30.3982154,484.8484848
60.049502,30.3806139,558.8235294
60.082857,30.352115,487.804878
59.879781,30.4650968,625
59.836892,30.1726217,516.1290323
60.019939,30.411572,609.7560976
60.042743,30.380972,500
60.009687,30.41268,588.2352941
59.836258,30.3190732,473.6842105
59.96144,30.2925177,640
60.02008247,30.26873937,882.3529412
59.84392033,30.21184312,573.7704918
59.833749,30.3989663,793.1034483
60.082857,30.352115,500
59.93136571,30.28818259,1176.470588
59.902479,30.320882,844.4444444
59.952299,30.4083222,1000
59.830672,30.534321,514.2857143
59.826351,30.1690706,451.6129032
59.981535,30.38822,617.6470588
59.936859,30.3639824,681.8181818
59.862274,30.17273,461.5384615
60.046044,30.364899,431.0344828
59.85213,30.211992,447.3684211
60.001005,30.324851,650
59.933157,30.3658916,1250
60.025457,30.226405,547.6190476
59.998531,30.335757,606.0606061
60.013474,30.326998,433.3333333
59.831956,30.333448,722.2222222
60.016935,30.281893,529.4117647
59.900192,30.4661296,457.1428571
59.826303,30.4051753,625
60.054074,30.326769,710.5263158
59.902116,30.4745385,444.4444444
59.840986,30.233763,511.1111111
60.001929,30.212281,857.1428571
59.859917,30.242763,542.8571429
59.843037,30.260487,555.5555556
59.871911,30.3092724,666.6666667
59.82923149,30.53779003,531.25
59.856921,30.215059,404.7619048
59.839574,30.312836,555.5555556
59.939658,30.439332,787.8787879
59.791313,30.151476,465.1162791
60.029968,30.454847,487.804878
59.856055,30.231759,562.5
59.989576,30.202492,937.5
60.006642,30.198818,555.5555556
60.053029,30.3710322,600
59.880216,30.314017,888.8888889
59.819047,30.327609,625
60.041081,30.332649,625
59.938338,30.473567,534.8837209
59.951018,30.265044,774.1935484
59.831117,30.5397269,558.8235294
60.029211,30.459239,500
59.929511,30.459141,550
59.953076,30.3283494,869.5652174
59.826302,30.332478,675
59.826519,30.205294,425
60.038767,30.221167,594.5945946
59.836409,30.352133,650
59.937991,30.440132,694.4444444
60.057155,30.266272,771.4285714
59.993634,30.388904,488.8888889
59.952591,30.305534,1153.846154
59.835456,30.3166017,473.6842105
59.910265,30.45543,594.5945946
59.914073,30.450106,594.5945946
59.871911,30.3092724,781.25
59.939938,30.391246,1530.612245
59.828463,30.2165115,633.3333333
60.006474,30.418182,531.25
59.850854,30.218565,536.5853659
60.001005,30.324851,650
60.013371,30.254221,600
60.042479,30.377105,465.1162791
59.991328,30.31717,625
60.036492,30.395297,645.1612903
60.074541,30.335184,526.3157895
59.829179,30.1831152,421.0526316
59.910767,30.491435,428.5714286
59.880216,30.314017,1000
59.830672,30.534321,457.1428571
59.918527,30.3520514,980.3921569
60.031211,30.142835,394.7368421
60.005747,30.478014,421.0526316
60.032092,30.145592,510.5105105
59.930291,30.3215761,744.6808511
60.039948,30.252285,595.2380952
60.003061,30.221087,657.8947368
60.004222,30.281687,657.8947368
60.00119,30.326199,575
59.94983937,30.24864126,789.4736842
59.85019,30.241576,511.1111111
60.031256,30.138675,566.572238
59.938971,30.3612435,740.7407407
59.910265,30.45543,558.1395349
59.853424,30.153641,514.2857143
59.86766,30.3996878,514.2857143
60.039948,30.252285,514.2857143
60.01068,30.394181,522.7272727
59.853432,30.350382,837.2093023
59.888379,30.313766,837.8378378
60.078356,30.342099,461.5384615
59.841541,30.214583,675
60.033885,30.4304564,500
59.852154,30.361521,500
60.010456,30.2395609,542.0054201
60.016334,30.426029,612.9032258
60.013641,30.265751,500
60.043485,30.357038,500
59.831721,30.2113372,516.1290323
60.04202,30.412176,555.5555556
60.036519,30.244209,642.8571429
59.816601,30.3250659,545.4545455
59.82154804,30.327506,593.75
59.848675,30.2751559,540.5405405
59.852321,30.244057,578.9473684
59.8322,30.2144569,419.3548387
59.948724,30.5014311,500
59.854629,30.212196,404.7619048
59.88441,30.478993,478.2608696
59.956208,30.3045554,904.7619048
59.863049,30.3568004,566.6666667
60.001005,30.324851,650
60.074541,30.335184,500
60.01226,30.431602,500
59.871989,30.3854296,545.4545455
60.024207,30.2851171,473.6842105
60.028286,30.401548,581.3953488
60.042761,30.32628,472.2222222
59.922354,30.45217,705.8823529
59.828685,30.3932537,571.4285714
59.840811,30.312384,666.6666667
60.031148,30.24344,500
60.028622,30.296465,513.5135135
59.860848,30.3263458,730.7692308
59.846178,30.326847,750
60.00447,30.23944,512.8205128
59.995433,30.3893833,571.4285714
59.919827,30.4457139,476.1904762
59.856881,30.40906,605.2631579
59.947622,30.3388054,1000
60.029885,30.452044,435.8974359
59.86635,30.364781,800
59.84485,30.264619,600
59.989045,30.2191931,487.804878
60.051388,30.314474,714.2857143
60.028128,30.335739,625
59.856921,30.215059,380.952381
59.903133,30.446483,657.1428571
60.035351,30.225615,705.8823529
59.921029,30.4898388,687.5
60.036758,30.226369,666.6666667
60.03376,30.3813076,384.6153846
59.835121,30.3801141,536.5853659
59.986877,30.2089326,500
59.84121,30.3953679,514.2857143
59.931045,30.3587074,970.8737864
59.837675,30.1382001,421.0526316
59.857592,30.195373,441.1764706
59.907966,30.4160037,440
59.937136,30.2826642,1250
59.93046,30.2448661,653.8461538
60.049267,30.370261,450
59.848038,30.199046,400
59.984557,30.392045,555.5555556
59.854497,30.3301927,909.0909091
59.993293,30.356948,952.3809524
60.023034,30.400058,529.8013245
60.020959,30.24235,673.0769231
59.856759,30.191533,512.8205128
59.931941,30.460749,515.4639175
59.957689,30.4834319,468.75
59.940523,30.2763176,1250
60.001005,30.324851,650
59.840449,30.4952294,410.2564103
60.079792,30.34881,571.4285714
59.861188,30.3023439,548.3870968
59.820553,30.327591,938.3378016
59.888379,30.313766,875
59.915333,30.461773,606.0606061
59.86176,30.189718,465.1162791
60.035059,30.217098,750
60.029022,30.250049,594.5945946
59.861843,30.3382238,705.8823529
59.939384,30.490073,553.8461538
59.835279,30.426271,513.5135135
60.015361,30.3798442,600
59.851046,30.3740528,500
59.841975,30.113128,500
59.867351,30.4042347,588.2352941
59.997316,30.359149,633.3333333
59.881187,30.47725,428.5714286
59.789329,30.150723,428.5714286
59.936873,30.438677,909.0909091
60.02509,30.4142145,575.7575758
59.946662,30.413695,789.4736842
59.873623,30.310532,842.1052632
59.857047,30.3880416,781.25
59.863798,30.4609425,612.9032258
60.042415,30.224716,757.5757576
59.936361,30.219709,900
60.035059,30.217098,500
59.840811,30.312384,1102.564103
59.939397,30.2511126,1076.923077
60.027777,30.232091,488.8888889
59.861464,30.331145,361.7021277
59.860265,30.173099,470.9418838
60.002724,30.251602,534.8837209
59.880216,30.314017,1063.829787
59.900146,30.307604,975
60.008168,30.264747,547.6190476
59.923587,30.4774461,457.1428571
60.034778,30.445577,545.4545455
59.832881,30.1549396,444.4444444
59.853125,30.139726,629.6296296
59.939996,30.205798,647.0588235
59.861354,30.171239,428.5714286
60.024858,30.2248378,487.1794872
59.957149,30.4307418,503.7783375
59.834564,30.4024258,988.700565
59.831956,30.333448,641.025641
59.859114,30.196092,595.7446809
60.026264,30.220815,394.7368421
59.860193,30.160864,431.8181818
60.001005,30.324851,650
59.829696,30.5372965,473.6842105
60.080241,30.334661,526.3157895
59.997721,30.352894,574.4680851
60.006759,30.3924702,416.6666667
59.919734,30.370306,1666.666667
59.8429492,30.34095084,645.1612903
59.833258,30.5260395,533.3333333
59.880216,30.314017,1063.829787
59.897484,30.4665675,533.3333333
59.92952,30.258843,942.8571429
59.856184,30.183834,375
59.816601,30.3250659,513.5135135
59.936481,30.4939572,395.3488372
60.016959,30.308421,603.4482759
59.86425,30.409304,673.8544474
60.039512,30.326208,625
59.85029708,30.41429664,526.3157895
59.826954,30.329109,560.2240896
59.842508,30.493519,555.5555556
60.034371,30.390132,372.0930233
59.842544,30.305861,714.2857143
59.888379,30.313766,833.3333333
59.943794,30.2176082,694.4444444
60.018753,30.2316072,415.7549234
59.983871,30.421856,548.3870968
59.915267,30.29856,709.6774194
59.946662,30.413695,897.4358974
60.013371,30.254221,487.1794872
59.83479,30.3403457,482.3151125
59.833882,30.1478344,666.6666667
59.861743,30.505012,441.1764706
60.047829,30.321375,875
59.947375,30.2163294,600
59.860717,30.247237,400
59.896039,30.310856,914.2857143
59.872138,30.3328404,909.0909091
59.868224,30.166826,428.5714286
60.036986,30.4295209,514.2857143
60.007796,30.2309141,473.6842105
59.829161,30.541462,465.7534247
59.978899,30.374394,568.1818182
60.039589,30.257666,394.7368421
59.953016,30.4255983,562.5
59.84773,30.153605,744.1860465
59.902274,30.3309587,1026.315789
59.900324,30.459001,609.7560976
59.92952,30.258843,1117.647059
59.963589,30.4157005,666.6666667
60.046086,30.351064,526.3157895
60.037603,30.4047295,500
60.001005,30.324851,650
59.853961,30.189852,515.1515152
59.939397,30.2511126,1185.56701
60.033383,30.39212,500
59.910265,30.45543,547.6190476
59.858804,30.199274,461.5384615
59.955394,30.4685196,500
59.8519,30.2480217,487.804878
59.848464,30.2376542,468.75
59.85995,30.16484,380.952381
59.837686,30.205945,548.3870968
59.840489,30.2082442,625
60.053754,30.317099,450
59.860701,30.185031,555.5555556
60.02912,30.2975517,500
59.963157,30.268229,1571.428571
59.89418,30.4479516,1028.571429
59.923649,30.371797,888.8888889
59.95434,30.4764398,473.6842105
59.933157,30.3658916,1590.909091
59.85083,30.3908227,620.6896552
60.046394,30.397672,400
60.005697,30.20816,514.2857143
59.853955,30.220178,425
59.868224,30.166826,555.5555556
60.035297,30.250426,729.4832827
60.018201,30.417477,459.4594595
59.943794,30.2176082,625
59.905668,30.323951,1116.071429
59.863232,30.500866,509.9150142
59.937896,30.482847,425.5319149
59.845388,30.361925,547.6190476
60.027813,30.330368,479.1666667
59.948379,30.263901,800
59.836388,30.2605965,760
60.029458,30.251764,657.1428571
60.079639,30.33608,486.4864865
59.917985,30.481359,527.7777778
59.831349,30.324456,769.2307692
59.864762,30.4625161,536.5853659
59.999996,30.2838613,542.6356589
59.861589,30.186475,500
60.033193,30.244919,605.2631579
60.006307,30.3942939,656.25
60.013348,30.4283277,577.4193548
59.924543,30.4878398,500
59.94937383,30.24369904,571.4285714
59.857592,30.195373,750
59.937991,30.440132,833.3333333
60.031273,30.2966402,404.7619048
59.835826,30.510434,500
60.001005,30.324851,650
59.901062,30.456661,652.173913
59.957764,30.4386715,638.8888889
60.028056,30.216541,450
59.99707374,30.302785,795.4545455
59.952859,30.21724,666.6666667
59.890658,30.489198,511.1111111
60.007656,30.218172,542.8571429
60.027813,30.330368,576.3688761
59.881493,30.2689684,645.1612903
59.950546,30.221347,757.5757576
59.987114,30.234148,555.5555556
59.828216,30.554389,607.1428571
59.940222,30.487761,454.5454545
59.843507,30.12583,411.7647059
59.84522,30.109804,515.1515152
60.042195,30.35031,593.75
59.842552,30.312635,476.1904762
60.027787,30.253515,640
60.02249,30.2561702,465.1162791
60.029571,30.322839,600
60.005971,30.255924,444.4444444
60.000079,30.316244,511.1111111
59.939996,30.205798,650
59.915141,30.4813008,529.4117647
60.041953,30.330107,659.3406593
60.050502,30.367395,428.5714286
59.861743,30.505012,566.6666667
59.841351,30.306669,714.2857143
59.839679,30.35677,629.9212598
60.033673,30.299711,440
59.853392,30.2587613,679.245283
59.838571,30.3455683,687.5
59.902438,30.483682,583.3333333
59.960349,30.227284,650
59.950805,30.2436249,800
59.844858,30.376057,1060.606061
59.789978,30.146653,444.4444444
59.928307,30.3146542,833.3333333
59.921913,30.369569,872.7272727
60.017837,30.2940081,727.2727273
60.019116,30.4049464,548.3870968
59.868224,30.166826,542.8571429
59.960354,30.228238,714.2857143
60.035297,30.250426,485.7142857
60.031148,30.24344,500
60.047241,30.348989,465.1162791
59.854066,30.188324,378.3783784
59.865853,30.400921,535.7142857
60.030771,30.295126,530.5039788
59.837538,30.4188251,500
60.001005,30.324851,650
60.00900474,30.40453467,560.9756098
60.057155,30.266272,555.5555556
59.829578,30.1600337,580.6451613
60.052241,30.375283,500
59.830972,30.1745586,500
59.993064,30.356059,1125
59.844175,30.4889343,609.7560976
59.852311,30.360604,472.8132388
59.829696,30.5372965,537.3134328
59.93171,30.343572,673.0769231
59.851625,30.148063,623.3766234
59.919734,30.370306,1000
59.996809,30.203015,547.6190476
59.843281,30.129926,447.3684211
59.838561,30.350435,1018.099548
60.017198,30.331508,684.2105263
59.92467,30.3138755,833.3333333
60.02124,30.277771,702.7027027
59.826149,30.327789,657.1428571
60.031211,30.142835,421.0526316
59.849107,30.3700364,444.4444444
59.844848,30.3350084,638.8888889
59.962059,30.2828994,1311.111111
59.94533,30.2932399,686.2745098
60.032951,30.354011,394.7368421
59.835698,30.3473486,548.3870968
59.998643,30.194164,714.2857143
59.935888,30.2408262,527.7777778
59.932479,30.3586113,914.2857143
59.892663,30.273369,625
59.827765,30.5469826,571.4285714
59.841975,30.113128,500
59.826302,30.332478,641.025641
59.860416,30.159976,636.3636364
60.005697,30.20816,588.2352941
59.86762,30.457478,625
59.92952,30.258843,921.0526316
60.037378,30.255322,525
60.077431,30.345189,473.6842105
59.826204,30.328493,589.7435897
59.841055,30.347816,558.8235294
59.975805,30.3168391,1055.555556
59.854731,30.3017236,562.5
60.02744,30.212715,377.7777778
60.08095,30.352798,500
59.824593,30.337419,1724.137931
60.02422,30.4210736,500
59.857992,30.172057,551.2820513
60.003079,30.399295,595.2380952
60.025574,30.2842671,473.6842105
60.001005,30.324851,650
59.916879,30.4937223,548.3870968
59.854575,30.1770879,494.011976
59.939577,30.496445,625
60.034386,30.246127,547.6190476
60.037211,30.243455,450
59.910265,30.45543,600
60.011109,30.386727,600
59.85951,30.322237,571.4285714
59.917632,30.3052423,714.2857143
59.96003,30.293518,757.5757576
59.845007,30.364495,500
60.076448,30.34845,421.0526316
60.054146,30.310499,543.4782609
59.84997,30.211511,450
59.861173,30.5014575,454.5454545
59.901111,30.469974,500
59.853125,30.139726,606.0606061
60.006845,30.263416,511.1111111
60.004685,30.2493154,555.5555556
59.840395,30.3287787,688.6227545
59.837703,30.11363,625
59.854115,30.23802,548.3870968
59.850458,30.304046,750
59.914277,30.476756,463.4146341
60.047241,30.348989,685.3582555
59.860416,30.159976,500
59.949232,30.3065042,1333.333333
60.028303,30.369417,470.5882353
59.945891,30.20838,615.3846154
60.014954,30.2382649,597.0149254
60.014432,30.428849,516.1290323
60.079639,30.33608,500
60.026642,30.421686,593.75
59.852224,30.1789595,406.25
59.840844,30.1693964,457.1428571
59.84678,30.321006,781.25
59.903561,30.4268622,648.1481481
59.885088,30.3690464,740.7407407
59.832552,30.431115,476.1904762
59.831561,30.5372285,500
59.943794,30.2176082,531.9148936
59.852352,30.2712318,666.6666667
59.85858,30.164223,375
60.003061,30.221087,340.9090909
59.848777,30.3246916,488.372093
59.856835,30.316317,888.8888889
60.001371,30.299422,760
59.948163,30.252285,846.1538462
60.040114,30.368312,545.4545455
59.850095,30.1806861,454.5454545
60.001005,30.324851,650
60.035034,30.373667,550
60.008524,30.2236496,400
59.832881,30.1549396,361.7021277
59.857935,30.167511,450
60.041045,30.350363,560.6060606
60.046927,30.3950584,500
60.009584,30.482281,421.0526316
60.045966,30.3774599,534.1246291
60.011532,30.388485,619.047619
59.987992,30.369704,605.2631579
60.011109,30.386727,651.1627907
59.939978,30.202294,625
59.981469,30.393824,625
59.980001,30.39251,628.5714286
59.837855,30.2030756,447.3684211
59.939658,30.439332,650
60.014882,30.311152,714.2857143
60.032218,30.405241,666.6666667
59.964611,30.313802,700
60.006392,30.449807,937.5
59.882571,30.4536952,531.25
59.943426,30.4925784,492.7536232
60.074455,30.33174,564.1025641
59.84494,30.3132134,625
59.946619,30.3885308,1060.606061
59.821675,30.327506,593.75
59.894505,30.4716386,500
59.911367,30.476846,750.7507508
60.007057,30.295468,733.3333333
59.965147,30.49598,423.0769231
59.849312,30.1917642,454.5454545
59.929673,30.3447463,777.7777778
59.98345,30.244239,1562.5
59.871989,30.3854296,500
59.832127,30.327331,754.7169811
60.029571,30.322839,511.627907
59.993011,30.322768,786.8421053
59.860701,30.185031,424.9291785
59.928814,30.3233763,1000
59.85265,30.2499714,512.8205128
59.980646,30.388578,625
60.078683,30.336296,558.8235294
59.921241,30.454972,638.8888889
59.84773,30.153605,666.6666667
60.017647,30.329594,513.5135135
60.006647,30.4174772,548.3870968
60.004891,30.261519,625
60.035526,30.238739,512.8205128
60.009137,30.212697,538.4615385
59.825136,30.2204632,575.7575758
60.001005,30.324851,650
59.900946,30.47638,571.4285714
59.943845,30.476128,700
59.87086,30.4472454,633.3333333
59.861015,30.191514,514.2857143
60.042415,30.224716,476.1904762
59.849944,30.1495,475
60.033985,30.454236,450
59.926342,30.3024637,717.9487179
60.001043,30.202095,555.5555556
60.035383,30.4308823,468.75
59.832983,30.1933343,479.0419162
59.846989,30.389073,594.5945946
59.909596,30.491418,578.9473684
60.040114,30.368312,485.7142857
60.014702,30.278211,540.5405405
60.002962,30.213182,513.5135135
60.035383,30.4308823,571.4285714
59.961809,30.4171658,483.8709677
59.847018,30.413882,475
59.830196,30.3732166,540.5405405
60.008127,30.2282181,447.5
59.892748,30.449223,588.2352941
60.07028,30.334948,500
60.032987,30.352852,511.1111111
60.033185,30.428598,446.4285714
59.938179,30.2732191,694.4444444
60.053754,30.317099,588.2352941
59.922666,30.369291,777.7777778
60.019185,30.271196,571.4285714
59.87474,30.3802517,548.3870968
59.999229,30.3730038,625
59.928307,30.3146542,742.8571429
60.078356,30.342099,500
60.078356,30.342099,439.0243902
59.838561,30.350435,813.9534884
59.942762,30.3575967,1067.41573
59.833976,30.2209337,469.6969697
60.039903,30.366102,400
59.942041,30.4704494,465.1162791
59.846044,30.3643726,677.4193548
60.051877,30.360766,384.6153846
60.023293,30.257045,514.2857143
59.959478,30.4304855,545.4545455
60.002324,30.205681,440
59.867967,30.4049941,500
59.919108,30.300983,756.7567568
59.915409,30.446931,540.5405405
59.849352,30.209903,432.4324324
59.864568,30.414443,625
59.958831,30.3073093,714.2857143
60.001005,30.324851,650
59.929646,30.459455,600
59.859926,30.208797,526.3157895
60.020818,30.267611,536.5853659
59.929286,30.2436091,942.0289855
59.834814,30.2201288,542.0054201
59.995433,30.3893833,588.2352941
59.949935,30.2423113,629.0322581
60.07696,30.340776,687.5
60.003696,30.196446,888.8888889
60.035023,30.387428,500
59.834125,30.5169564,491.2280702
59.85995,30.16484,271.7391304
59.948807,30.3432961,1428.571429
60.037097,30.365072,362.5
60.043457,30.373105,638.2978723
60.007492,30.270512,454.5454545
59.935567,30.3622372,810.3448276
59.9881,30.298522,384.6153846
59.935432,30.3684295,714.2857143
59.925178,30.383297,750
59.958104,30.343095,500
59.856443,30.204396,377.5510204
59.859133,30.3175011,471.6981132
60.046116,30.402052,533.3333333
60.003696,30.196446,613.0268199
59.993614,30.309531,564.516129
60.006183,30.42631,583.3333333
59.945812,30.3411681,1000
59.869181,30.15564,645.1612903
59.930857,30.4111459,551.7241379
60.045453,30.318851,500
59.937561,30.3240905,606.6945607
59.96193,30.3081623,750
59.923315,30.336403,705.1282051
59.831643,30.3166251,541.6666667
59.915034,30.470116,666.6666667
59.930092,30.458018,595.2380952
60.078683,30.336296,371.4285714
59.949718,30.2335044,507.6923077
59.832686,30.4283214,370.3703704
60.021685,30.400489,510.6382979
59.982905,30.225148,828.125
59.937696,30.2835714,500
60.02365,30.380861,478.2608696
60.026392,30.300866,614.0350877
59.83626,30.1564686,488.8888889
60.034915,30.236295,504.3478261
59.959905,30.2796437,1228.070175
60.025475,30.376963,666.6666667
59.8479,30.110711,435.5716878
60.078356,30.342099,394.3217666
60.051791,30.3738,454.5454545
59.840221,30.310218,666.6666667
59.931105,30.3386133,928.5714286
60.030541,30.238559,404.2553191
60.018682,30.3306,434.7826087
60.005783,30.258888,462.5
59.932126,30.345294,575
59.853744,30.387401,493.3333333
60.003696,30.196446,888.8888889
59.935018,30.3597528,1052.631579
59.853744,30.387401,406.25
59.840567,30.4892319,727.2727273
60.006412,30.285595,487.804878
59.932301,30.351723,790
59.931045,30.3587074,654.2056075
59.937561,30.3240905,729.6137339
59.992484,30.3089222,523.8095238
59.932159,30.3232146,611.1111111
59.959697,30.231274,800
59.864656,30.50976,425
59.993064,30.356059,595.2380952
59.935056,30.3136954,777.7777778
59.946749,30.2720054,564.4171779
59.855948,30.3658392,511.1111111
60.005592,30.130187,357.1428571
60.05706,30.346007,500
59.849944,30.1495,702.1276596
59.953316,30.2996429,914.6341463
60.01374,30.392045,531.25
59.842702,30.2562108,595.2380952
60.01972,30.233573,474.5762712
59.987767,30.201387,537.6344086
59.987452,30.4180176,641.025641
59.999917,30.338847,500
59.90214,30.4837912,633.3333333
59.848072,30.2719559,478.8461538
60.011509,30.2415497,516.194332
59.850735,30.190769,500
59.826977,30.2019825,500
59.941061,30.3789414,461.5384615
60.016293,30.4153015,1000
59.836857,30.511117,357.1428571
59.946315,30.2226451,622.2222222
59.940009,30.4699415,496.7602592
59.862687,30.3383327,400
60.045474,30.356101,450
59.90321384,30.44682632,564.1025641
59.931738,30.40596,990.0990099
59.853307,30.207025,418.1818182
59.831147,30.213462,492.8131417
59.835909,30.1324889,367.3469388
59.945558,30.279504,933.3333333
59.976264,30.41736,392.1568627
59.93005,30.3689276,740.7407407
59.968934,30.275004,2031.25
59.852923,30.148054,786.5168539
59.971068,30.270676,1500
59.842077,30.341767,448.9795918
59.99073,30.3175627,615.3846154
60.003696,30.196446,888.8888889
59.821675,30.327506,615.3846154
59.926363,30.36722,1188.811189
59.938837,30.3207547,555.5555556
59.935018,30.3597528,1000
59.861365,30.3857591,500
59.936094,30.3728459,516.1290323
60.046086,30.351064,500
60.031841,30.323782,473.6842105
59.941293,30.2700735,774.6478873
60.058363,30.345198,521.7391304
60.030545,30.426154,492.9577465
59.922237,30.347165,784.3137255
59.999217,30.2897297,576.9230769
59.92622,30.5016424,543.4782609
59.929338,30.247585,581.3953488
59.919319,30.4624782,424.2424242
60.075567,30.343577,528.3018868
59.911258,30.3254459,481.4814815
60.020291,30.3193,561.4035088
59.862253,30.327781,490.5660377
59.898817,30.4889873,488.8888889
59.888379,30.313766,815.2173913
59.951582,30.4885387,394.3661972
59.949718,30.2335044,738.4615385
59.931243,30.357261,888.8888889
59.873587,30.304523,568.1818182
59.933936,30.2986453,1306.306306
60.037207,30.325498,500
59.86972,30.4419915,444.4444444
60.026992,30.254781,593.220339
60.007448,30.3961626,645.1612903
59.863587,30.3393565,555.5555556
59.833379,30.3538444,583.3333333
59.839113,30.4032349,408.1632653
59.902594,30.46354,451.8072289
59.945959,30.2603475,568.1818182
59.95851,30.4894779,423.0769231
59.899479,30.4945546,416.6666667
59.961349,30.314898,540.8163265
60.003427,30.204072,571.4285714
59.973062,30.42333,555.5555556
60.058066,30.330322,566.0377358
60.041081,30.332649,677.9661017
59.998493,30.4340567,577.7777778
59.843362,30.2507903,500
59.955329,30.3265607,555.5555556
60.019599,30.29129,879.1208791
59.950224,30.3048598,877.1842105
59.948911,30.242197,714.2857143
59.89649,30.278831,769.2307692
60.003696,30.196446,888.8888889
59.954094,30.4960463,444.4444444
59.872459,30.3679042,613.6363636
60.037467,30.4177656,425.5319149
59.934491,30.2383605,605.2631579
59.833581,30.158606,489.3617021
59.846168,30.3913046,392.1568627
59.921597,30.345198,519.4805195
60.025385,30.2165414,421.0526316
59.836554,30.358098,666.6666667
59.979647,30.41184,416.6666667
59.991824,30.3165443,613.6363636
59.827293,30.2131142,477.6119403
59.847632,30.3632167,383.3333333
59.82509,30.333071,546.875
60.053644,30.3504494,419.3548387
60.014185,30.311386,542.6356589
60.039512,30.326208,555.5555556
59.929892,30.2524235,441.8103448
59.875717,30.330825,588.8888889
59.929324,30.4151218,562.5
59.843002,30.254444,483.3333333
59.836147,30.350902,724.137931
59.973734,30.4091429,478.2608696
60.006278,30.209157,517.2413793
59.984787,30.4219353,547.6190476
59.904177,30.3158264,714.2857143
59.97392,30.4184293,625
59.938283,30.2864797,476.1904762
59.939903,30.2681032,546.875
60.00648,30.256831,547.9452055
59.932301,30.351723,790
59.811699,30.2883149,444.4444444
59.948999,30.3788977,950
60.00119,30.326199,625
59.861985,30.3240406,663.1762653
59.830866,30.355241,521.7391304
59.91887,30.4936714,416.6666667
60.044446,30.335784,437.5
59.92615,30.3762936,660
60.027777,30.232091,475
59.930223,30.3531563,523.8095238
59.934361,30.239297,614.0350877
59.861037,30.383188,400
59.84466,30.3167841,545.4545455
59.92945,30.34228,888.8888889
60.002153,30.252591,618.556701
59.900953,30.311511,823.0452675
59.842053,30.491463,402.9850746
59.982698,30.343446,673.9130435
59.998042,30.388563,433.3333333
60.003696,30.196446,888.8888889
59.830841,30.370969,465.1162791
59.980371,30.396555,354.8387097
59.950571,30.2371898,615.1142355
60.005472,30.2715164,614.0350877
60.03336,30.4086968,480.5491991
60.035297,30.250426,539.5833333
59.863067,30.169815,396.8253968
59.942606,30.3195327,516.1290323
59.957583,30.4755084,442.3076923
59.945898,30.2095825,400
59.936525,30.247704,594.2275042
59.994902,30.214405,545.4545455
59.966512,30.309592,900
59.929263,30.354657,562.5
59.967488,30.4332608,409.0909091
59.914165,30.4570854,540
60.005281,30.2503006,490.1960784
59.92376,30.2907385,727.2727273
60.013954,30.233146,446.8085106
59.929685,30.4723828,583.3333333
59.904153,30.316533,746.2686567
59.84997,30.211511,454.5454545
60.01365,30.316901,725.8064516
59.934952,30.246078,538.4615385
59.947377,30.3789552,1161.290323
59.905348,30.314655,893.3333333
59.843615,30.2430025,488.8888889
60.042361,30.397381,440
59.916383,30.461692,500
60.032299,30.353193,439.5604396
60.042195,30.35031,500
59.941001,30.222093,492.7536232
59.995406,30.4345685,355.5555556
59.927605,30.3015077,625
60.0495,30.316497,625
60.029571,30.322839,430.7692308
59.923864,30.3356905,866.6666667
59.997401,30.194631,428.5714286
59.904175,30.325067,700
59.831521,30.1477818,595.2380952
59.861683,30.3417259,559.5238095
59.958687,30.3008949,789.4736842
59.981042,30.349249,500
59.904189,30.314808,916.6666667
59.880824,30.4378452,461.5384615
59.874755,30.2991766,625
59.863049,30.3568004,520.8333333
59.999984,30.212032,555.5555556
59.833379,30.3538444,575.2212389
59.861749,30.4724023,533.3333333
60.003696,30.196446,888.8888889
59.85408,30.22601,531.9148936
60.009883,30.415943,504.8076923
59.868512,30.4385824,434.7826087
59.933936,30.298645,1299.283154
59.876018,30.3874853,400
60.033885,30.4304564,362.9032258
59.940845,30.324159,883.7209302
59.941345,30.3626606,642.8571429
59.952259,30.4095286,543.4782609
59.963955,30.2734662,1041.666667
60.011959,30.267251,621.1180124
60.030541,30.238559,428.5714286
59.955869,30.2941261,737.704918
59.858577,30.2235728,442.3076923
59.888141,30.4198073,488.8888889
59.84687,30.3168155,697.6744186
60.045812,30.325435,456.1403509
59.838602,30.357388,671.641791
60.03346105,30.22770166,750
60.031381,30.2891377,703.125
59.897622,30.4197556,550
60.020657,30.394415,555.5555556
59.945558,30.279504,933.3333333
59.938662,30.223791,557.1428571
59.86351,30.3292164,466.6666667
59.841235,30.239493,470
59.952222,30.2315758,750
59.863086,30.4581276,500
59.987465,30.371761,428.5714286
60.013798,30.2468505,500
59.861415,30.3178342,510.6382979
59.962103,30.3041919,583.3333333
59.961471,30.453544,365.3846154
59.941045,30.3500097,1000
60.002926,30.355906,638.2978723
59.846894,30.310927,1029.411765
59.959422,30.2970398,651.5151515
60.041979,30.39854,543.4782609
59.848211,30.27332,547.6190476
59.994593,30.3070387,434.7826087
60.073464,30.332011,476.1904762
60.000065,30.253633,603.4482759
60.00922,30.4207626,409.0909091
59.838978,30.352802,506.6666667
59.92042,30.370063,833.3333333
59.938649,30.3239786,555.5555556
59.9179,30.3502529,1000
59.935888,30.2408262,538.4615385
59.852963,30.155878,733.9449541
60.051333,30.324276,517.8571429
60.003696,30.196446,888.8888889
59.862759,30.320171,642.8571429
59.918661,30.439512,433.3333333
59.840561,30.362849,533.3333333
60.008824,30.483063,347.2222222
59.940009,30.4699415,413.0434783
60.033153,30.236448,446.4285714
60.06218,30.317952,450
60.029211,30.459239,408.1632653
59.934041,30.342894,1096.491228
59.954932,30.4215498,433.3333333
59.86595,30.4605312,533.3333333
59.974239,30.313973,785.7142857
59.98649,30.4217627,502.1834061
59.970839,30.309347,866.6666667
59.930521,30.3673174,655.7377049
59.826872,30.389081,422.5352113
59.930764,30.3574133,928.5714286
59.856835,30.316317,755.8139535
60.023111,30.376531,373.3333333
59.984649,30.407553,518.5185185
59.841549,30.3664198,444.4444444
59.882966,30.481062,434.7826087
59.908821,30.3476368,454.5454545
59.960021,30.480556,566.0377358
59.931918,30.407946,923.0769231
60.071472,30.23616,276.9230769
59.942305,30.4785944,444.4444444
59.938837,30.3207547,562.5
59.980592,30.38688,625
60.038856,30.322192,420.5607477
59.859584,30.3385081,520
59.987609,30.208537,632.9113924
59.940661,30.391015,872.0930233
59.842693,30.252106,534.2465753
60.013186,30.332208,460
59.874665,30.3700422,440
59.922354,30.4521703,472.7272727
59.848227,30.3919365,460
59.84466,30.3167841,627.4509804
59.992884,30.322111,666.6666667
59.885462,30.320656,602.4096386
59.827513,30.1682646,547.6190476
59.872459,30.3679042,681.8181818
59.951582,30.4885387,600
59.94377,30.3448342,833.3333333
59.854265,30.3136358,500
59.939867,30.3516696,1846.153846
59.927288,30.412706,625
59.86766,30.3996878,480
59.986314,30.3227444,370
60.003696,30.196446,888.8888889
59.931134,30.2874311,1416.666667
59.965136,30.3064244,529.4117647
60.037603,30.4047295,563.6363636
59.902479,30.320882,1086.956522
60.032596,30.33184,438.5964912
60.014882,30.311152,670.7317073
59.840221,30.310218,566.6666667
59.825402,30.20127,413.0434783
60.007314,30.2274677,448.7179487
59.852682,30.307388,627.9069767
59.946053,30.3867812,538.4615385
59.851369,30.2652719,818.1818182
60.036987,30.397578,415.0943396
59.946979,30.2643644,385.7142857
59.936355,30.2543809,1102.941176
59.937526,30.376092,847.826087
59.891891,30.468379,444.4444444
59.915591,30.3003764,493.3333333
59.954024,30.216721,671.641791
59.832367,30.178958,451.6129032
59.926278,30.366839,823.5294118
59.946457,30.4981534,473.6842105
59.915141,30.4813008,440
59.943794,30.2176082,600
59.875698,30.3298012,769.2307692
59.971055,30.4058805,608.6956522
60.015966,30.364925,500
59.848072,30.2719559,583.3333333
60.004924,30.210307,500
59.846948,30.3568305,500
60.017321,30.4119163,412.1863799
59.839954,30.265913,415.3846154
59.999389,30.4332857,399.113082
59.92042,30.370063,1203.703704
60.013766,30.234302,387.9310345
59.847369,30.2719513,480
59.958093,30.4916954,370.3703704
59.93028,30.3652637,549.4505495
59.935229,30.3422606,833.3333333
59.928451,30.3780638,393.7007874
59.9371,30.2883913,1315.789474
59.945316,30.4833189,461.5384615
59.874665,30.3700422,383.3333333
60.052178,30.349618,471.6981132
59.985835,30.1960268,500
60.053984,30.322444,416.6666667
59.843615,30.2430025,595.2380952
59.931762,30.2945054,700
60.039324,30.397983,460
59.945683,30.3498774,808.8235294
60.003696,30.196446,888.8888889
60.005002,30.229171,487.1794872
59.899522,30.2758692,535.7142857
59.934956,30.2380586,675.6756757
59.954085,30.332199,598.2905983
60.019976,30.2415098,789.4736842
59.869793,30.4005127,523.8095238
59.929327,30.3169166,617.2839506
59.945739,30.2294228,700
60.021973,30.2869453,464.2857143
59.836966,30.3996767,400
60.033756,30.3977393,295.0819672
60.004506,30.4162011,444.4444444
59.8267,30.327178,509.0909091
59.91959209,30.35795608,656.5656566
59.942778,30.2330389,568.1818182
59.944755,30.3662207,531.2084993
59.877533,30.389334,581.3953488
59.977683,30.4092189,640.3508772
59.95435,30.214741,764.7058824
60.019743,30.277304,474.137931
59.952678,30.416174,666.6666667
59.87924,30.32142,757.5757576
59.948392,30.219596,770.8333333
59.907753,30.319003,633.3333333
59.934371,30.3805671,500
59.928739,30.4070534,589.0410959
59.864656,30.50976,400
59.958102,30.2727469,1354.166667
59.828245,30.4014674,470.9576138
59.936305,30.3579458,500
59.842429,30.2321967,476.1904762
59.934041,30.342894,1142.857143
59.922878,30.371222,1276.595745
60.061327,30.291398,704.8092869
60.01454,30.322282,482.1428571
59.92844,30.3244985,1000
59.884969,30.4760998,444.4444444
59.859736,30.179378,416.6666667
59.949003,30.4753453,471.6981132
59.87304,30.312652,555.5555556
59.845007,30.364495,512.195122
60.007151,30.213891,352.1126761
60.015391,30.2491683,454.5454545
59.942474,30.239635,543.4782609
59.885088,30.3690464,851.0638298
60.035985,30.248288,565.2173913
59.919582,30.3033972,880
59.921913,30.369569,1170.212766
59.935025,30.3765192,692.3076923
59.955702,30.4821726,480.7692308
60.003696,30.196446,888.8888889
59.923608,30.297273,1071.428571
59.938215,30.217303,537.037037
59.834068,30.1406896,363.6363636
59.939125,30.2693128,717.1314741
59.949718,30.2335044,579.7101449
59.940073,30.2695956,918.3673469
59.917748,30.3578163,377.3584906
59.845299,30.372343,436.8932039
59.91389,30.3295481,545.4545455
59.844467,30.4108521,633.8028169
60.013371,30.254221,636.3636364
59.845873,30.2510638,573.3944954
59.920848,30.357038,483.1460674
60.005221,30.200086,580.6451613
59.873576,30.376637,600
59.962103,30.3004355,685.483871
59.944765,30.21275,535.7142857
59.961349,30.314898,561.2244898
59.885708,30.4872548,391.3043478
59.852321,30.244057,474.3589744
59.842966,30.1499563,480
59.876802,30.321069,608.6956522
59.927577,30.3139879,560
59.972678,30.3073087,750
60.056189,30.354343,434.7826087
59.86256,30.496351,377.0491803
59.959633,30.321015,903.8461538
59.919477,30.465222,476.1904762
59.932115,30.3231153,453.3333333
60.037225,30.343617,437.5
60.020287,30.330169,565.2173913
60.01365,30.316901,806.4516129
59.930521,30.3673174,714.2857143
59.952394,30.4856414,392.8571429
60.029053,30.4258597,555.5555556
59.941001,30.222093,430.7692308
60.01374,30.392045,661.5384615
59.937339,30.377181,625
59.935096,30.37319,517.8571429
59.890658,30.489198,333.3333333
59.958595,30.280289,1619.047619
60.03562574,30.40489397,520.8333333
60.024612,30.312077,488.8888889
60.03322,30.23342,540
59.973007,30.4315158,519.1873589
60.04246,30.355026,416.6666667
59.936711,30.3510626,620.6896552
60.005212,30.151189,1034.482759
59.845469,30.311152,853.6585366
59.929054,30.3562975,700
60.003696,30.196446,888.8888889
59.935728,30.343235,700
60.012397,30.255532,615.3846154
59.84174585,30.34021918,532.2580645
59.951175,30.4196411,500
59.900953,30.311511,781.25
59.832121,30.351647,916.6666667
59.831481,30.1522736,340.9090909
60.053629,30.327124,518.5185185
60.081206,30.34315,426.2295082
59.846011,30.223638,425.5319149
59.853082,30.3852126,539.3258427
59.845088,30.2743079,511.1111111
59.98295,30.2648282,1692.307692
59.846621,30.2662862,571.4285714
59.924166,30.382839,1036.585366
60.007902,30.4124847,363.6363636
59.861184,30.3914536,555.5555556
60.017198,30.331508,631.5789474
59.858658,30.3031281,400
59.930052,30.338916,950
59.832983,30.1933343,636.3636364
59.839847,30.1583424,500
60.003941,30.2386318,438.5964912
59.87816,30.4372478,461.5384615
60.010367,30.2737042,432.6923077
60.034862,30.4253264,489.3964111
59.948431,30.304211,616.4383562
60.050084,30.351298,450.9803922
59.831349,30.324456,700
59.838601,30.4229408,522.7272727
59.905348,30.314655,916.6666667
59.922313,30.3104628,714.2857143
60.008614,30.2904486,533.3333333
59.966035,30.4027945,577.7777778
60.006431,30.339359,488.8888889
60.003862,30.221338,290.3225806
59.85393,30.189547,401.2841091
59.83616,30.1478466,425.5319149
59.960116,30.226351,566.6666667
59.938178,30.3269067,840
59.932301,30.351723,1000
60.035432,30.446277,319.1489362
59.89418,30.4479516,789.4736842
59.833764,30.249797,394.7368421
59.979722,30.2868549,1538.461538
60.046099,30.352888,419.3548387
59.927191,30.303561,746.2686567
59.838365,30.1394043,413.0434783
59.846011,30.223638,684.2105263
60.016351,30.2772228,500
60.003696,30.196446,888.8888889
60.003696,30.196446,888.8888889
59.962025,30.314422,518.134715
59.940661,30.391015,705.8823529
59.83156769,30.54562631,545.4545455
59.860158,30.347912,673.0769231
59.912852,30.3170464,625
59.862935,30.4564769,502.1834061
59.961595,30.2887082,540.5405405
59.859926,30.208797,441.4587332
59.94349,30.2383456,577.7777778
59.959697,30.223621,681.8181818
59.938576,30.3687474,454.5454545
60.040902,30.344085,433.3333333
60.007286,30.250983,428.5714286
59.907434,30.2937929,500
59.953741,30.230708,500
60.011675,30.273102,471.0144928
59.842966,30.1499563,441.1764706
59.90823,30.4684931,488.8888889
59.945093,30.3524542,1133.004926
59.940917,30.2802217,1100
60.014277,30.4062829,444.4444444
60.030264,30.4252465,454.5454545
59.8267,30.327178,491.2280702
59.955811,30.35312,400
60.001191,30.2903132,357.1428571
59.97383,30.3033404,1304.347826
59.951246,30.2407782,520.8333333
59.999697,30.216572,1086.956522
60.03776,30.355205,553.1914894
59.937437,30.371136,854.5454545
59.834048,30.3945722,532.4074074
59.983871,30.421856,666.6666667
59.909332,30.247138,437.5
59.902479,30.320882,769.2307692
59.866423,30.310838,729.1666667
59.866423,30.310838,729.1666667
59.841036,30.1625381,355.5555556
60.021384,30.375938,416.6666667
59.84838,30.3193,666.6666667
59.899954,30.4774573,446.8085106
60.002067,30.353876,434.2105263
59.831707,30.51887,292.6829268
59.939867,30.3516696,1666.666667
59.875009,30.3943358,500
60.078356,30.342099,375
60.037713,30.3810017,444.4444444
59.875009,30.321114,547.4452555
60.074455,30.33174,400
59.957584,30.405511,1132.075472
60.003696,30.196446,888.8888889
59.836095,30.2534152,450
59.934081,30.3447624,888.8888889
59.872467,30.3310057,450
59.880375,30.472817,307.6923077
59.939561,30.2432575,586.9565217
60.035432,30.446277,315.7894737
59.830117,30.5164349,418.1818182
60.036106,30.353274,461.5384615
60.009953,30.404451,500
59.859908,30.393393,707.6923077
59.91887,30.4936714,433.8394794
59.838923,30.227977,528.3018868
59.953741,30.230708,538.4615385
59.944528,30.206972,520.5479452
59.944528,30.206972,520.5479452
59.965723,30.4043347,423.5294118
60.07028,30.334948,466.6666667
60.001041,30.327986,714.2857143
59.907397,30.319955,438.5964912
59.925427,30.33047,647.0588235
59.852971,30.213909,410.9589041
60.04086,30.339395,480.7692308
59.925231,30.3466224,500
59.866118,30.403004,479.1666667
59.846358,30.3813828,460
60.025593,30.2867321,436.8421053
59.926667,30.408936,571.4285714
59.955785,30.3261753,813.9534884
59.984593,30.260801,1000
59.94737,30.3571386,638.2978723
59.959928,30.225273,590.9090909
59.896878,30.307559,784.3137255
60.016351,30.2772228,488.8888889
60.030911,30.135956,520.8333333
59.859629,30.2279601,416.6666667
59.874801,30.312815,633.3333333
59.915034,30.470116,714.2857143
59.842205,30.2419253,458.3333333
59.950667,30.4982088,444.4444444
59.958831,30.3073093,564.516129
59.923472,30.3415065,655.9031282
59.99856107,30.38535041,410.7142857
59.949935,30.2423113,576.9230769
59.963955,30.2734662,1079.365079
59.849651,30.3259235,572.0338983
59.862349,30.246585,500
60.018912,30.397426,535.3319058
59.959278,30.309535,1142.473118
60.03256,30.343186,505.7471264
59.90879,30.293619,660
60.003696,30.196446,888.8888889
59.855043,30.349325,555.5555556
59.937339,30.377181,925
59.997032,30.353499,540
59.945244,30.240248,692.3076923
59.903268,30.319506,614.0350877
59.81238,30.3011134,440
59.931222,30.3562564,846.1538462
59.853432,30.350382,714.2857143
59.835333,30.2624448,479.1666667
59.942663,30.3615534,1071.428571
59.839756,30.3880591,555.5555556
59.967003,30.274553,1333.333333
60.013095,30.282588,479.1666667
59.856399,30.352337,418.1818182
59.921437,30.351333,760
60.01829,30.232596,955.8823529
59.92827,30.413199,454.5454545
59.913282,30.4645234,368.4210526
59.957534,30.2260643,615.3846154
59.854265,30.3136358,673.0769231
60.013629,30.4138384,425.5319149
59.947474,30.226,616.6666667
60.051868,30.317323,597.0149254
59.936855,30.314611,700
59.846462,30.3979927,555.5555556
59.881187,30.47725,328.5714286
59.985975,30.20048,642.8571429
60.01342,30.369165,464.2857143
59.959905,30.3024145,781.25
59.987609,30.208537,489.2367906
59.994404,30.4352253,369.5652174
59.939996,30.205798,428.5714286
59.91082,30.4596383,440
59.969957,30.287637,1033.591731
59.85715341,30.31617753,447.0588235
59.98271,30.4101258,614.0350877
59.927506,30.3096716,535.7142857
59.931782,30.3138213,810.8108108
59.859164,30.4716109,410.7142857
59.97383,30.3033404,1989.247312
59.887653,30.4868847,425.5319149
59.902549,30.3221908,666.6666667
59.97383,30.3033404,1384.615385
59.934926,30.374749,1239.669421
59.863251,30.321689,687.5
59.951018,30.265044,1182.795699
59.83758,30.128507,454.5454545
59.939938,30.391246,1490.384615
60.043633,30.355663,392.8571429
59.931738,30.40596,1000
60.003696,30.196446,888.8888889
59.97383,30.3033404,1142.857143
59.865818,30.179046,431.0344828
60.048746,30.333295,410.7142857
59.980288,30.382153,400
59.97383,30.3033404,2043.010753
59.944968,30.398499,1776.315789
59.843498,30.3157056,576.9230769
59.925994,30.453643,550
59.939867,30.3516696,1846.153846
60.03936,30.357415,411.7647059
59.939867,30.3516696,1428.571429
60.012489,30.310819,1041.666667
59.939984,30.3841133,535.7142857
59.936873,30.201944,500
60.04775,30.377654,357.1428571
59.925321,30.3465441,888.8888889
59.922201,30.371456,888.8888889
59.929871,30.3026906,1090.909091
59.985972,30.232609,470
59.919734,30.370306,776.3157895
59.840494,30.1599826,384.6153846
59.939963,30.2738368,644.4444444
59.855594,30.382731,568.1818182
59.938662,30.223791,476.1904762
59.925759,30.353184,445.2054795
60.023506,30.287508,333.3333333
59.900953,30.311511,823.0452675
60.018295,30.309661,545.4545455
60.042033,30.333415,467.2897196
60.013897,30.375669,555.5555556
59.987528,30.1983924,727.2727273
59.85408,30.22601,606.0606061
59.996344,30.357667,500
59.92945,30.34228,924.2144177
59.9475,30.262095,571.4285714
59.963237,30.329549,1456.953642
59.974842,30.316416,876.2886598
60.00429,30.3959042,396.5517241
59.937024,30.218203,535.7142857
59.878462,30.4783183,434.7826087
59.999491,30.197242,653.4653465
59.930485,30.4244748,577.7777778
59.972276,30.260137,1200
59.933396,30.3737029,410.9589041
59.949562,30.3659534,1083.333333
59.8473,30.112031,288.8888889
60.006853,30.4057048,545.4545455
59.98692,30.279573,1183.431953
59.840008,30.359201,468.75
59.849033,30.4051132,441.1764706
60.003696,30.196446,888.8888889
59.958947,30.2164463,588.2352941
60.002593,30.3887544,416.6666667
59.932301,30.351723,583.3333333
59.946686,30.3803205,725.8064516
59.830243,30.1567418,400
59.923964,30.3427507,511.8110236
60.01888,30.411808,452.3809524
59.933718,30.4122152,754.7169811
59.88725,30.3619024,653.0612245
59.945335,30.3397143,666.6666667
59.938429,30.3499314,784.3137255
59.970888,30.2811378,3437.5
60.048409,30.397875,384.6153846
59.843362,30.2507903,359.375
59.931045,30.3587074,615.3846154
59.927493,30.3470708,674.5362563
59.958317,30.2201069,466.6666667
59.937616,30.3423293,746.2686567
59.937254,30.3204354,1156.069364
59.941273,30.3579877,879.6296296
59.930613,30.4069716,431.0344828
59.937616,30.3423293,820.8955224
59.929264,30.3490156,520
60.001167,30.24385,454.5454545
59.917994,30.459946,625
60.019612,30.274824,975.6097561
59.959498,30.2911842,982.1428571
59.836604,30.356652,471.6981132
59.831349,30.324456,875
59.945731,30.358703,729.1666667
59.932255,30.254444,1000
60.011896,30.354792,425.9259259
59.967506,30.285349,1602.564103
59.937254,30.3204354,1149.425287
60.049961,30.343894,555.5555556
59.935931,30.314718,1200
59.942802,30.360315,940.5940594
60.017175,30.396941,522.3880597
59.928726,30.427358,633.3333333
59.847255,30.180108,405.7971014
59.941083,30.3844496,1642.857143
59.829691,30.3966385,564.516129
59.830836,30.3630228,578.9473684
59.959023,30.310656,615.3846154
59.927315,30.3416174,733.3333333
60.017468,30.323028,555.5555556
59.885088,30.3690464,754.7169811
59.967488,30.4332608,416.6666667
59.90348,30.318069,500
59.864068,30.3063581,448.2758621
60.003696,30.196446,888.8888889
60.002459,30.236183,500
59.95188,30.390222,1280
59.911268,30.2970692,612.244898
59.874805,30.3907153,533.3333333
59.872062,30.3305907,431.372549
59.930764,30.3574133,1214.285714
59.869763,30.4078455,472.7272727
59.970888,30.2811378,3312.5
59.840799,30.3808597,453.5147392
59.95793,30.2878613,984.8484848
59.942853,30.3539312,575.2212389
59.933669,30.3505621,769.2307692
59.946805,30.3568029,848.2871126
60.009699,30.240982,462.962963
59.933396,30.3737029,533.3333333
60.010491,30.4133255,400
59.87362,30.399795,650.5576208
59.94401,30.2904187,625
59.838602,30.357388,647.0588235
60.021919,30.39589,416.6666667
59.851322,30.3685968,392.1568627
59.932218,30.3074916,1304.347826
60.01985,30.2757203,414.6341463
59.862176,30.192979,353.8461538
59.849622,30.269497,595.2380952
59.946216,30.468312,555.5555556
59.891297,30.464804,418.1818182
59.924221,30.35057,727.2727273
59.852735,30.331568,763.6363636
60.016917,30.3984209,595.7446809
59.854723,30.4717432,478.2608696
60.036461,30.447148,341.1764706
60.005914,30.294881,485.0746269
59.836202,30.114066,450.2814259
59.955484,30.3283799,565.7142857
59.939996,30.205798,622.2222222
60.077629,30.336386,322.2222222
59.965578,30.4134567,425
59.923658,30.295719,1000
60.029884,30.409169,430.7692308
59.843349,30.258673,454.5454545
59.931918,30.407946,1298.701299
60.051073,30.355277,408.4507042
59.871007,30.316496,500
59.918792,30.4727849,500
60.022468,30.379208,363.6363636
59.932441,30.3641086,500
60.046086,30.351064,458.3333333
59.934781,30.336384,734.0425532
59.940681,30.321357,1071.428571
60.003696,30.196446,888.8888889
59.846453,30.2317623,500
59.983379,30.216179,590.9090909
60.01086,30.2731604,645.1612903
59.913815,30.3435953,777.7777778
60.010771,30.266488,625
59.938112,30.218482,810.8108108
59.930229,30.4127555,666.6666667
60.037054,30.348998,413.7931034
59.826977,30.2019825,520
60.009883,30.415943,585.3658537
59.838365,30.1394043,389.0160183
60.050143,30.342746,644.4444444
60.054087,30.331229,509.0909091
59.929356,30.3521248,673.0769231
59.922116,30.350848,750
59.914131,30.3143236,533.3333333
59.848666,30.4812762,530.6122449
59.974356,30.3867035,581.3953488
59.902274,30.3309587,1026.315789
59.914795,30.4631131,500
59.993139,30.3154456,560.9756098
59.847462,30.2671704,577.7777778
